year,employment_k_bc,employment_k_ca,unemp_rate_bc,unemp_rate_ca,participation_bc,participation_ca,emp_rate_bc,emp_rate_ca,labour_force_k_bc,labour_force_k_ca,unemployed_k_bc,unemployed_k_ca,pop_bc,pop_ca,cpi_ca,cpi_bc,gdp_real_m_bc,gdp_real_m_ca,gdp_nom_m_bc,gdp_nom_m_ca,wage_avg_bc,wage_avg_ca,wage_med_bc,wage_med_ca
1971,,,,,,,,,,,,,2240470.0,21962032.0,20.9,,,,,,,,,
1972,,,,,,,,,,,,,2302086.0,22218463.0,21.9,,,,,,,,,
1973,,,,,,,,,,,,,2367271.0,22491777.0,23.6,,,,,,,,,
1974,,,,,,,,,,,,,2442578.0,22807969.0,26.2,,,,,,,,,
1975,,,,,,,,,,,,,2499564.0,23143275.0,29.0,,,,,,,,,
1976,1060.9,9747.5,8.4,7.1,61.8,61.5,56.6,57.1,1158.7,10491.3,97.7,743.8,2533899.0,23449808.0,31.1,,,,,,,,,
1977,1089.1,9917.1,8.3,8.0,61.8,61.9,56.7,56.9,1188.3,10785.2,99.2,868.1,2570315.0,23725843.0,33.6,,,,,,,,,
1978,1137.5,10220.3,8.3,8.4,62.9,62.7,57.7,57.5,1240.0,11154.6,102.5,934.3,2615162.0,23963203.0,36.6,,,,,,,,,
1979,1188.5,10668.6,7.7,7.5,63.6,63.7,58.6,58.9,1288.2,11536.7,99.6,868.2,2665238.0,24201544.0,40.0,41.5,,,,,,,,
1980,1266.4,10984.0,6.7,7.5,64.7,64.3,60.4,59.4,1357.2,11879.4,90.7,895.3,2745861.0,24515667.0,44.0,45.4,,,,,,,,
1981,1319.6,11305.0,6.8,7.6,65.4,65.0,60.9,60.1,1416.0,12235.8,96.4,930.8,2826558.0,24819915.0,49.5,51.8,114605.0,925154.0,46596.0,368358.0,,,,
1982,1253.4,10943.7,12.1,11.0,64.6,64.4,56.7,57.3,1426.8,12301.8,173.3,1358.2,2876513.0,25116942.0,54.9,57.3,107268.0,895862.0,46600.0,388181.0,,,,
1983,1244.9,11022.0,13.9,12.0,64.5,64.7,55.6,56.9,1445.7,12527.6,200.9,1505.6,2907502.0,25366451.0,58.1,60.4,108055.0,918816.0,49329.0,421316.0,,,,
1984,1245.1,11301.7,15.0,11.3,64.3,65.0,54.7,57.7,1464.8,12747.9,219.8,1446.2,2947181.0,25607053.0,60.6,62.8,109036.0,973013.0,51788.0,461986.0,,,,
1985,1279.7,11658.0,14.3,10.5,64.7,65.6,55.5,58.8,1493.1,13026.1,213.4,1368.1,2975131.0,25842116.0,63.0,64.8,116722.0,1019111.0,55788.0,500027.0,,,,
1986,1331.8,12008.5,12.7,9.6,65.4,66.1,57.0,59.8,1526.3,13282.7,194.5,1274.2,3003621.0,26100278.0,65.6,66.7,117808.0,1040732.0,58954.0,526630.0,,,,
1987,1377.7,12333.0,12.1,8.8,66.1,66.5,58.1,60.6,1566.8,13526.0,189.2,1193.0,3048651.0,26446601.0,68.5,68.7,125019.0,1083110.0,65147.0,574336.0,,,,
1988,1434.6,12709.6,10.3,7.8,66.1,66.8,59.3,61.7,1598.8,13779.1,164.2,1069.5,3114761.0,26791747.0,71.2,71.2,131926.0,1130885.0,72095.0,626894.0,,,,
1989,1508.3,12996.2,9.1,7.5,67.0,67.3,60.9,62.2,1659.3,14057.0,151.0,1060.8,3196725.0,27276781.0,74.8,74.4,136097.0,1157317.0,78443.0,671579.0,,,,
1990,1559.6,13086.4,8.4,8.1,66.9,67.1,61.3,61.7,1703.0,14244.6,143.4,1158.3,3292111.0,27691138.0,78.4,78.4,138149.0,1159666.0,82374.0,695501.0,,,,
1991,1577.5,12857.4,9.9,10.3,66.9,66.6,60.3,59.7,1750.8,14336.3,173.3,1479.0,3373787.0,28037420.0,82.8,82.6,138594.0,1135417.0,84975.0,701773.0,,,,
1992,1617.2,12730.9,10.1,11.2,66.9,65.7,60.1,58.3,1799.8,14336.1,182.6,1605.2,3468802.0,28371264.0,84.0,84.8,142442.0,1145527.0,90515.0,718436.0,,,,
1993,1668.0,12792.7,9.7,11.4,66.7,65.3,60.2,57.9,1847.8,14435.0,179.8,1642.3,3567772.0,28684764.0,85.6,87.8,149130.0,1175972.0,97221.0,747037.0,,,,
1994,1743.2,13058.7,9.1,10.4,67.1,65.2,61.0,58.4,1918.4,14573.7,175.2,1515.0,3676075.0,29000663.0,85.7,89.5,153049.0,1228821.0,103598.0,791972.0,,,,
1995,1785.6,13295.4,8.5,9.5,66.3,64.8,60.6,58.7,1950.9,14689.2,165.4,1393.8,3777390.0,29302311.0,87.6,91.6,157068.0,1261782.0,109203.0,831621.0,,,,
1996,1813.4,13420.1,8.7,9.6,65.6,64.7,59.9,58.5,1985.9,14848.5,172.4,1428.4,3874317.0,29610218.0,88.9,92.4,161066.0,1283093.0,112540.0,859834.0,,,,
1997,1859.9,13708.2,8.5,9.1,65.6,64.9,60.1,59.0,2031.6,15080.6,171.7,1372.4,3948583.0,29905948.0,90.4,93.1,166449.0,1338011.0,118585.0,906926.0,16.91,15.59,16.0,14.0
1998,1857.7,14047.0,8.8,8.3,64.9,65.1,59.2,59.7,2037.6,15314.8,179.9,1267.8,3983113.0,30155173.0,91.3,93.4,168469.0,1390098.0,119775.0,940548.0,17.16,15.78,16.48,14.29
1999,1893.7,14402.0,8.3,7.6,65.1,65.5,59.7,60.6,2064.0,15583.7,170.3,1181.7,4011375.0,30401286.0,92.9,94.4,174330.0,1461563.0,125658.0,1007927.0,17.32,16.17,16.8,14.5
2000,1930.8,14760.1,7.2,6.8,64.8,65.8,60.1,61.3,2080.0,15841.9,149.2,1081.8,4039230.0,30685730.0,95.4,96.1,182264.0,1536666.0,136411.0,1106071.0,17.63,16.66,16.92,15.0
2001,1920.9,14932.3,7.7,7.2,64.0,65.9,59.1,61.1,2081.6,16094.1,160.7,1161.8,4076896.0,31020855.0,97.8,97.7,183508.0,1565480.0,138815.0,1144543.0,17.98,17.22,17.0,15.38
2002,1952.4,15291.3,8.5,7.7,65.0,66.9,59.5,61.7,2134.5,16560.7,182.0,1269.3,4100504.0,31359199.0,100.0,100.0,190817.0,1612433.0,143993.0,1193694.0,18.6,17.66,17.44,15.67
2003,1998.1,15660.8,8.0,7.6,65.5,67.6,60.3,62.4,2171.6,16944.2,173.5,1283.3,4124447.0,31642461.0,102.8,102.2,195226.0,1641560.0,151958.0,1254747.0,19.03,18.05,18.0,16.0
2004,2028.3,15915.0,7.2,7.2,65.3,67.5,60.5,62.6,2185.9,17147.1,157.6,1232.1,4155630.0,31938807.0,104.7,104.2,202904.0,1692323.0,164600.0,1335731.0,19.01,18.5,17.79,16.35
2005,2089.7,16123.5,5.9,6.8,65.4,67.1,61.6,62.6,2219.7,17292.1,130.0,1168.6,4196076.0,32242732.0,107.0,106.3,212991.0,1746654.0,177197.0,1421590.0,19.36,19.09,18.0,17.0
2006,2153.4,16413.7,4.9,6.5,65.8,67.2,62.6,62.8,2264.4,17551.7,111.0,1137.9,4241793.0,32571193.0,109.1,108.1,222403.0,1792730.0,190479.0,1496604.0,19.92,19.7,18.0,17.31
2007,2211.3,16756.8,4.4,6.2,66.2,67.5,63.3,63.3,2312.4,17856.1,101.1,1099.3,4290987.0,32888886.0,111.5,110.0,229376.0,1829479.0,200440.0,1577661.0,20.49,20.38,19.0,18.0
2008,2244.4,16996.8,4.8,6.3,66.4,67.6,63.2,63.3,2357.1,18136.5,112.7,1139.7,4349338.0,33247298.0,114.1,112.3,231000.0,1847690.0,206427.0,1657041.0,21.45,21.26,19.7,18.75
2009,2202.0,16755.4,7.8,8.5,66.2,67.3,61.0,61.6,2389.0,18303.9,187.0,1548.5,4410513.0,33630069.0,114.4,112.3,225497.0,1793828.0,198179.0,1571334.0,22.22,21.98,20.0,19.23
2010,2221.7,16978.2,7.8,8.2,65.8,67.1,60.6,61.6,2410.4,18490.3,188.6,1512.1,4465557.0,34005902.0,116.5,113.8,231927.0,1849272.0,206990.0,1666048.0,22.74,22.43,20.85,19.89
2011,2229.7,17219.6,7.6,7.7,65.2,66.8,60.2,61.7,2414.3,18647.8,184.6,1428.2,4503819.0,34339221.0,119.9,116.5,238996.0,1907287.0,218771.0,1774063.0,23.15,22.87,20.95,20.0
2012,2283.6,17431.6,6.9,7.4,65.3,66.7,60.8,61.8,2452.6,18830.6,169.0,1399.0,4570866.0,34713395.0,121.7,117.8,244610.0,1940773.0,223328.0,1827201.0,23.5,23.53,21.0,20.19
2013,2305.0,17667.7,6.7,7.2,64.8,66.7,60.5,61.9,2469.8,19033.9,164.9,1366.2,4634943.0,35080992.0,122.8,117.7,250066.0,1985911.0,230981.0,1902247.0,24.17,24.06,21.75,20.85
2014,2330.3,17738.5,6.2,7.0,64.1,66.2,60.1,61.5,2485.4,19083.8,155.1,1345.3,4712691.0,35434066.0,125.2,118.9,259251.0,2042976.0,243872.0,1994898.0,24.3,24.49,22.0,21.0
2015,2375.0,17857.2,6.2,7.0,64.1,66.1,60.2,61.4,2531.2,19198.5,156.2,1341.3,4765472.0,35704498.0,126.6,120.2,264523.0,2056255.0,250784.0,1990441.0,25.0,25.16,22.72,22.0
2016,2464.7,17966.9,6.1,7.1,65.2,65.8,61.2,61.1,2624.5,19333.3,159.8,1366.4,4861269.0,36110803.0,128.4,122.4,271919.0,2077610.0,263912.0,2025535.0,25.34,25.68,22.8,22.0
2017,2562.9,18372.2,5.3,6.4,66.1,66.0,62.6,61.7,2706.3,19637.7,143.4,1265.5,4934202.0,36545075.0,130.4,125.0,282283.0,2140641.0,282283.0,2140641.0,25.71,26.08,23.0,22.5
2018,2609.9,18706.6,4.6,5.8,65.7,65.8,62.6,61.9,2737.2,19867.3,127.2,1160.7,5020979.0,37072620.0,133.4,128.4,292182.0,2199358.0,297392.0,2235675.0,26.72,26.82,23.93,23.0
2019,2681.1,19070.8,4.8,5.7,66.5,66.0,63.3,62.3,2816.7,20221.1,135.6,1150.3,5111022.0,37618495.0,136.0,131.4,299857.0,2241331.0,308993.0,2313563.0,27.63,27.75,25.0,24.0
2020,2527.3,18068.5,9.1,9.7,64.5,64.4,58.6,58.1,2781.1,19999.8,253.8,1931.3,5176101.0,38028638.0,137.0,132.4,290575.0,2128408.0,307412.0,2220527.0,29.76,29.51,26.37,25.5
2021,2683.9,18964.1,6.6,7.5,65.9,65.5,61.6,60.5,2872.4,20505.6,188.5,1541.5,5226665.0,38239864.0,141.6,136.1,312961.0,2255059.0,357002.0,2535818.0,30.54,30.03,26.92,26.0
2022,2775.7,19739.5,4.6,5.3,65.5,65.5,62.5,62.0,2911.0,20838.3,135.3,1098.8,5356870.0,38945628.0,151.2,145.5,328091.0,2360944.0,400154.0,2864159.0,31.85,31.37,28.0,27.0
2023,2847.9,20334.8,5.2,5.4,65.8,65.8,62.4,62.2,3003.9,21493.0,155.9,1158.3,5512217.0,40022704.0,157.1,151.2,337223.0,2407055.0,414465.0,2965201.0,,,,
2024,2914.0,20730.5,5.6,6.3,65.2,65.5,61.6,61.3,3085.9,22134.8,171.8,1404.2,5659205.0,41162593.0,160.9,155.2,341012.0,2456310.0,429089.0,3108551.0,,,,
2025,2946.2,21028.7,6.2,6.8,65.0,65.3,60.9,60.8,3140.8,22567.6,194.6,1538.9,5702544.0,41608982.0,164.2,158.5,,,,,,,,
2026,,,,,,,,,,,,,5710598.0,41798407.0,,,,,,,,,,
