premier,party,start,end
W.A.C. Bennett,Social Credit,1952-08-01,1972-09-15
Dave Barrett,NDP,1972-09-15,1975-12-22
Bill Bennett,Social Credit,1975-12-22,1986-08-06
Bill Vander Zalm,Social Credit,1986-08-06,1991-04-02
Rita Johnston,Social Credit,1991-04-02,1991-11-05
Mike Harcourt,NDP,1991-11-05,1996-02-22
Glen Clark,NDP,1996-02-22,1999-08-25
Dan Miller,NDP,1999-08-25,2000-02-24
Ujjal Dosanjh,NDP,2000-02-24,2001-06-05
Gordon Campbell,BC Liberal,2001-06-05,2011-03-14
Christy Clark,BC Liberal,2011-03-14,2017-07-18
John Horgan,NDP,2017-07-18,2022-11-18
David Eby,NDP,2022-11-18,
