effective_date,wage,note
1965-01-01,1.0,
1967-05-01,1.1,
1967-11-01,1.25,
1970-05-04,1.5,
1972-12-04,2.0,
1973-12-03,2.25,
1974-06-03,2.5,
1975-12-01,2.75,
1976-01-01,3.0,
1980-07-01,3.4,
1980-12-01,3.65,
1988-07-01,4.5,
1989-10-01,4.75,
1990-04-01,5.0,
1992-02-01,5.5,
1993-04-01,6.0,
1995-03-01,6.5,
1995-10-01,7.0,
1998-04-01,7.15,
2000-11-01,7.6,
2001-11-01,8.0,
2011-05-01,8.75,
2011-11-01,9.5,
2012-05-01,10.25,
2015-09-15,10.45,
2016-09-15,10.85,
2017-09-15,11.35,
2018-06-01,12.65,
2019-06-01,13.85,
2020-06-01,14.6,
2021-06-01,15.2,
2022-06-01,15.65,
2023-06-01,16.75,
2024-06-01,17.4,
2025-06-01,17.85,"Source file dates this 2026-06-01, a duplicate of the $18.25 row; corrected to 2025-06-01 (BC announced $17.85 effective June 1, 2025)."
2026-06-01,18.25,
