year,minwage_real2013_ca,minwage_real2013_bc,avg_earnings_real2013_ca,avg_earnings_real2013_bc,minwage_to_avg_earnings_pct_ca,minwage_to_avg_earnings_pct_bc
1983,7.87,7.11,20.45,23.16,38.5,30.7
1984,7.81,6.84,20.17,22.55,38.7,30.3
1985,7.7,6.63,19.98,22.33,38.5,29.7
1986,7.53,6.44,19.67,21.48,38.3,30.0
1987,7.6,6.25,19.36,21.12,39.3,29.6
1988,7.67,6.74,19.28,20.62,39.8,32.7
1989,7.71,7.22,19.35,20.86,39.9,34.6
1990,7.73,7.41,19.29,20.35,40.0,36.4
1991,7.69,7.12,19.29,20.4,39.9,34.9
1992,8.14,7.58,19.68,20.45,41.4,37.1
1993,8.31,7.88,19.57,20.05,42.4,39.3
1994,8.56,7.89,19.8,20.27,43.2,38.9
1995,8.64,8.41,19.67,20.69,43.9,40.6
1996,8.81,8.92,19.88,20.72,44.3,43.0
1997,8.78,8.85,19.68,20.71,44.6,42.7
1998,8.75,8.96,19.83,20.24,44.1,44.3
1999,8.74,8.91,19.76,19.21,44.3,46.4
2000,8.58,8.85,19.66,19.41,43.6,45.6
2001,8.48,9.24,19.96,19.37,42.5,47.7
2002,8.39,9.42,19.9,19.45,42.2,48.4
2003,8.27,9.21,19.94,19.42,41.5,47.4
2004,8.31,9.04,20.17,19.53,41.2,46.3
2005,8.38,8.86,20.44,19.85,41.0,44.6
2006,8.55,8.71,20.49,20.02,41.7,43.5
2007,8.63,8.56,20.85,20.26,41.4,42.3
2008,8.98,8.38,21.14,20.68,42.5,40.6
2009,9.51,8.38,21.53,21.29,44.2,39.4
2010,9.86,8.27,21.61,21.18,45.6,39.1
2011,9.88,8.71,21.74,21.14,45.4,41.2
2012,10.07,9.99,21.87,21.59,46.0,46.3
2013,10.14,10.25,22.27,22.21,45.5,46.1
